HawRiverHydro,RoanokeRapids,HighShoalsHydroNC,Gaston,HighRockHydro,AvalonHydropower,LakeLure,Tillery,FallsHydro,JordanHydroelectricProject,Blewett,CowansFord,MountainIsland,Rhodhiss,OxfordDam,Bridgewater,LookoutShoals
6.561785886,437.4523924,7.874143063,776.9154489,144.3592895,5.249428709,15.74828613,367.4600096,797.038259,24.49733398,107.6132885,534.35,338.4,242.52,157.4828613,205.51,350.51
6.071054518,404.7369679,7.285265422,718.8128549,133.5631994,4.856843614,14.57053084,339.979053,737.4307555,22.6652702,99.5652941,636.5,409.69,164.24,145.7053084,72.79,285.49
5.940139317,396.0092878,7.12816718,703.3124951,130.683065,4.752111453,14.25633436,332.6478017,721.5289224,22.17652012,97.4182848,640.54,414.74,129.09,142.5633436,132.8,273.59
5.241649036,349.443269,6.289978843,620.6112458,115.3162788,4.193319228,12.57995769,293.532346,636.6856362,19.56882307,85.96304418,657.69,444.65,90.61,125.7995769,65.34,176.85
4.105295057,273.6863372,4.926354069,486.0669348,90.31649126,3.284236046,9.852708138,229.8965232,498.6565063,15.32643488,67.32683894,493.62,317.2,76.44,98.52708138,21.24,200.38
7.017004625,467.8003083,8.42040555,830.8133476,154.3741018,5.6136037,16.8408111,392.952259,852.3321618,26.19681727,115.0788759,811.02,546.85,123,168.408111,133.72,291.49
12.91255252,860.8368346,15.49506302,1528.846218,284.0761554,10.33004202,30.99012605,723.1029411,1568.444713,48.20686274,211.7658613,1199.6,786.24,495.64,309.9012605,477.42,557.79
9.325852199,621.72348,11.19102264,1104.1809,205.1687484,7.460681759,22.38204528,522.2477232,1132.78018,34.81651488,152.9439761,833.92,544.58,244.77,223.8204528,258.83,415.05
6.673791114,444.9194076,8.008549337,790.1768679,146.8234045,5.339032891,16.01709867,373.7323024,810.6431606,24.91548683,109.4501743,683.93,447.74,201.17,160.1709867,191.21,319.36
6.564093204,437.6062136,7.876911845,777.1886353,144.4100505,5.251274563,15.75382369,367.5892194,797.3185212,24.50594796,107.6511285,682.1,449.02,206.11,157.5382369,89.71,303.61
6.136787994,409.1191996,7.364145592,726.5956984,135.0093359,4.909430395,14.72829118,343.6601276,745.4151816,22.91067518,100.6433231,636.38,415.6,145.85,147.2829118,239.72,250.46
7.096030257,473.0686838,8.515236308,840.1699824,156.1126657,5.676824206,17.03047262,397.3776944,861.9311419,26.49184629,116.3748962,719.53,469.76,241.33,170.3047262,142.93,317.24
6.521432906,434.7621937,7.825719487,772.137656,143.4715239,5.217146324,15.65143897,365.2002427,792.1367169,24.34668285,106.9514997,638.3,422.98,182.84,156.5143897,143.38,232.56
8.792310056,586.1540037,10.55077207,1041.009511,193.4308212,7.033848044,21.10154413,492.3693631,1067.972595,32.82462421,144.1938849,850.19,562.88,283.68,211.0154413,322.85,364.93
6.513633169,434.2422112,7.816359802,771.2141672,143.2999297,5.210906535,15.6327196,364.7634574,791.1893089,24.31756383,106.823584,615.09,397.02,143.55,156.327196,122.6,271.93
7.366713737,491.1142491,8.840056485,872.2189065,162.0677022,5.89337099,17.68011297,412.5359693,894.810162,27.50239795,120.8141053,768.87,504.88,229.34,176.8011297,132.68,351.19
5.120740571,341.3827047,6.144888685,606.2956836,112.6562926,4.096592457,12.28977737,286.761472,621.999288,19.11743146,83.98014536,528.39,338.92,151.04,122.8977737,128.93,206.73
6.182407678,412.1605118,7.418889213,731.997069,136.0129689,4.945926142,14.83777843,346.21483,750.9564526,23.08098866,101.3914859,640.71,423.61,110.85,148.3777843,107.71,279.38
5.097040405,339.8026937,6.116448486,603.489584,112.1348889,4.077632324,12.23289697,285.4342627,619.1205079,19.02895085,83.59146265,527.1,336.12,141.17,122.3289697,143.9,223.47
5.171752356,344.7834904,6.206102828,612.335479,113.7785518,4.137401885,12.41220566,289.618132,628.1955195,19.30787546,84.81673864,574.44,387.02,136.52,124.1220566,200.44,181.63
7.697036365,513.1357576,9.236443638,911.3291056,169.3348,6.157629092,18.47288728,431.0340364,934.9333504,28.73560243,126.2313964,762.47,500.28,261.63,184.7288728,257.36,358.61
5.981495479,398.7663653,7.177794575,708.2090647,131.5929005,4.785196383,14.35558915,334.9637468,726.5523175,22.33091646,98.09652586,566.58,361.66,94.36,143.5558915,143.89,250.37
5.371410578,358.0940385,6.445692693,635.9750124,118.1710327,4.297128462,12.89138539,300.7989924,652.4473382,20.05326616,88.09113348,596.2,389.52,196.19,128.9138539,30.18,261.17
6.313749231,420.9166154,7.576499077,747.547909,138.9024831,5.050999385,15.15299815,353.5699569,766.9100733,23.57133046,103.5454874,640.76,430.47,175.06,151.5299815,239.67,226.41
5.123825354,341.588357,6.148590425,606.660922,112.7241578,4.099060284,12.29718085,286.9342198,622.3739864,19.12894799,84.03073581,571.19,376.8,153.13,122.9718085,21.05,202.11
9.790902118,652.7268079,11.74908254,1159.242811,215.3998466,7.832721694,23.49816508,548.2905186,1189.268244,36.55270124,160.5707947,1253.18,890.08,157.71,234.9816508,137.14,240.47
6.608458911,440.5639274,7.930150693,782.4415351,145.386096,5.286767129,15.86030139,370.073699,802.7074757,24.67157993,108.3787261,745.2,507.26,192.65,158.6030139,144.82,249.27
6.573247236,438.2164824,7.887896683,778.2724728,144.6114392,5.258597789,15.77579337,368.1018452,798.430431,24.54012302,107.8012547,641.38,427.13,203.49,157.7579337,237.9,264.37
6.630102554,442.006837,7.956123065,785.0041424,145.8622562,5.304082044,15.91224613,371.285743,805.3364569,24.75238287,108.7336819,612.84,399.94,206.95,159.1224613,176.56,277.68
5.192743932,346.1829288,6.231292718,614.8208815,114.2403665,4.154195145,12.46258544,290.7936602,630.7452962,19.38624401,85.16100048,520.32,330.73,154.29,124.6258544,167.31,219.47
4.747707486,316.5138324,5.697248983,562.1285664,104.4495647,3.798165989,11.39449797,265.8716192,576.6882027,17.72477462,77.86240277,488.78,319.43,135.9,113.9449797,114.21,190.1
5.918295037,394.5530025,7.101954045,700.7261324,130.2024908,4.73463603,14.20390809,331.4245221,718.8755705,22.09496814,97.06003861,589.33,383.44,138.09,142.0390809,105.46,266.45
1.325604191,88.3736127,1.590725029,156.9515362,29.16329219,1.060483352,3.181450057,74.23383467,161.0167223,4.948922311,21.73990872,64.09,31.98,40.73,31.81450057,64.24,98.15
3.077109137,205.1406091,3.692530965,364.3297218,67.69640102,2.46168731,7.385061929,172.3181117,373.7661899,11.48787411,50.46458985,233.32,148.8,57.49,73.85061929,73.14,209.21
5.06839957,337.8933047,6.082079484,600.0985091,111.5047905,4.054719656,12.16415897,283.8303759,615.6416011,18.92202506,83.12175295,353.29,229.41,226.51,121.6415897,239.16,277.97
2.241860122,149.4573414,2.690232146,265.4362384,49.32092268,1.793488097,5.380464292,125.5441668,272.3112761,8.369611121,36.766506,118.44,59.27,124.14,53.80464292,39.52,178.09
4.830344572,322.0229715,5.796413486,571.9127973,106.2675806,3.864275658,11.59282697,270.499296,586.725854,18.0332864,79.21765098,462.29,317.79,168.6,115.9282697,21,253.86
4.170050431,278.0033621,5.004060517,493.733971,91.74110948,3.336040345,10.00812103,233.5228241,506.5221257,15.56818827,68.38882706,350.16,217.62,145.42,100.0812103,67.55,322.97
10.57039932,704.6932877,12.68447918,1251.535279,232.5487849,8.456319452,25.36895836,591.9423616,1283.95117,39.46282411,173.3545488,937.56,661.72,236.36,253.6895836,21.03,439.68
9.055519833,603.7013222,10.8666238,1072.173548,199.2214363,7.244415866,21.7332476,507.1091106,1099.943809,33.80727404,148.5105253,650.05,430.56,356.73,217.332476,305.37,459.6
8.60812591,573.8750607,10.32975109,1019.202108,189.37877,6.886500728,20.65950219,482.055051,1045.600361,32.1370034,141.1732649,703.23,471.64,203.28,206.5950219,199,497.04
12.47729709,831.8198063,14.97275651,1477.311976,274.5005361,9.981837675,29.94551303,698.7286373,1515.575687,46.58190915,204.6276723,1000.64,689.62,510.29,299.4551303,343.92,564.99
9.013361125,600.8907417,10.81603335,1067.181957,198.2939448,7.2106889,21.6320667,504.748223,1094.822931,33.64988153,147.8191225,717.95,468.06,313.43,216.320667,140.97,564.72
7.253454533,483.5636355,8.704145439,858.8090167,159.5759997,5.802763626,17.40829088,406.1934538,881.0529439,27.07956359,118.9566543,556.48,366.24,284.46,174.0829088,201.06,440.6
5.478751011,365.2500674,6.574501213,648.6841197,120.5325222,4.383000809,13.14900243,306.8100566,665.4856228,20.45400377,89.85151658,402.66,258.53,245.59,131.4900243,202.64,331.21
4.017867779,267.857852,4.821441335,475.7155451,88.39309114,3.214294223,9.64288267,225.0005956,488.0370063,15.00003971,65.89303158,288.8,175.55,111.81,96.4288267,80.67,283.98
3.082250443,205.4833629,3.698700531,364.9384524,67.80950974,2.465800354,7.397401063,172.6060248,374.3906871,11.50706832,50.54890726,190.36,108.99,137.65,73.97401063,145.38,225.65
5.183815615,345.5877077,6.220578738,613.7637688,114.0439435,4.147052492,12.44115748,290.2936745,629.6608034,19.35291163,85.01457609,360.61,239.17,167.49,124.4115748,146.41,240.17
7.647554431,509.8369621,9.177065318,905.4704447,168.2461975,6.118043545,18.35413064,428.2630482,928.9229449,28.55086988,125.4198927,673.29,460.05,274.71,183.5413064,82.78,385.69
3.650753466,243.3835644,4.380904159,432.2492104,80.31657625,2.920602773,8.761808318,204.4421941,443.4448543,13.62947961,59.87235684,176.56,98.67,125.5,87.61808318,147.96,215.03
2.575292612,171.6861741,3.090351134,304.9146453,56.65643747,2.06023409,6.180702269,144.2163863,312.8122093,9.614425752,42.23479884,152.91,88.75,141.03,61.80702269,82.59,170.5
4.691153122,312.7435415,5.629383747,555.4325297,103.2053687,3.752922498,11.25876749,262.7045749,569.8187326,17.51363832,76.93491121,297.62,182.7,218.32,112.5876749,146.08,297.49
5.424203011,361.613534,6.509043613,642.2256364,119.3324662,4.339362408,13.01808723,303.7553686,658.859859,20.25035791,88.95692937,208.62,119.97,137.05,130.1808723,147.05,237.25
4.387791001,292.5194001,5.265349201,519.5144545,96.53140202,3.510232801,10.5306984,245.7162961,532.9703469,16.3810864,71.95977242,293.88,197.43,89.71,105.306984,83.34,183.89
5.463653128,364.2435418,6.556383753,646.8965303,120.2003688,4.370922502,13.11276751,305.9645751,663.6517332,20.39763834,89.60391129,490.06,341.97,160.72,131.1276751,148.92,266.05
6.587918767,439.1945845,7.905502521,780.0095821,144.9342129,5.270335014,15.81100504,368.923451,800.2125329,24.59489673,108.0418678,534.24,367.44,232.37,158.1100504,88.88,317.11
4.791521443,319.4347629,5.749825732,567.3161389,105.4134718,3.833217155,11.49965146,268.3252008,582.010138,17.88834672,78.58095167,253.12,150.93,207.53,114.9965146,212.79,264.18
13.72808902,915.2059344,16.47370682,1625.405739,302.0179583,10.98247121,32.94741364,768.7729849,1667.505212,51.25153233,225.1406599,1068.09,727.19,624.47,329.4741364,335.97,619.92
9.384914517,625.6609678,11.26189742,1111.173879,206.4681194,7.507931614,22.52379484,525.555213,1139.954283,35.0370142,153.9125981,64.41,90.63,279.16,225.2379484,728.84,554.98
25.45693738,1697.129159,30.54832486,3014.101386,560.0526224,20.36554991,61.09664972,1425.588494,3092.169328,95.0392329,417.4937731,3940.28,1585.06,808.09,610.9664972,731.01,607.78
13.89850449,926.5669662,16.67820539,1645.582932,305.7670988,11.11880359,33.35641078,778.3162516,1688.205012,51.88775011,227.9354737,891.43,1568.01,695.53,333.5641078,21.3,634.74
12.23367444,815.5782959,14.68040933,1448.467053,269.1408376,9.786939551,29.36081865,685.0857685,1485.983655,45.67238457,200.6322608,923.49,549.32,272.96,293.6081865,608.33,634.18
15.64098081,1042.732054,18.76917697,1851.892127,344.1015777,12.51278464,37.53835393,875.8949251,1899.857802,58.39299501,256.5120852,1307.61,832.21,458.03,375.3835393,455.17,632.18
11.51053097,767.3687312,13.81263716,1362.846867,253.2316813,9.208424775,27.62527432,644.5897342,1398.145828,42.97264895,188.7727079,64.61,30.91,612.9,276.2527432,732.55,634.19
26.71924081,1781.282721,32.06308898,3163.558112,587.8232979,21.37539265,64.12617795,1496.277486,3245.497118,99.75183237,438.1955494,4506.1,1593.35,717.52,641.2617795,731.36,629.66
14.52506665,968.3377768,17.43007998,1719.767892,319.5514664,11.62005332,34.86015997,813.4037325,1764.311429,54.2269155,238.2110931,661.23,1482.74,434.79,348.6015997,21.29,634.65
10.03560319,669.040213,12.04272383,1188.215418,220.7832703,8.028482555,24.08544767,561.9937789,1218.991268,37.46625193,164.5838924,854.86,460.41,289.32,240.8544767,288.16,633.34
17.54185949,1169.4573,21.05023139,2076.956164,385.9209089,14.0334876,42.10046279,982.3441317,2130.7512,65.48960878,287.6864957,1890.37,1217.43,336.19,421.0046279,628.53,630.91
13.25067488,883.3783256,15.90080986,1568.879906,291.5148474,10.60053991,31.80161972,742.0377935,1609.515309,49.46918623,217.3110681,960.89,618.71,372.4,318.0161972,626.2,635.66
13.01367323,867.5782151,15.61640787,1540.81891,286.300811,10.41093858,31.23281574,728.7657007,1580.727508,48.58438004,213.4242409,1091.36,723.32,340.57,312.3281574,147.71,634.75
12.41758271,827.8388472,14.90109925,1470.241793,273.1868196,9.934066167,29.8021985,695.3846317,1508.32238,46.35897545,203.6483564,881.15,576.05,312.03,298.021985,521.81,630.26
10.6521837,710.1455798,12.78262044,1261.21855,234.3480413,8.521746957,25.56524087,596.522287,1293.885246,39.76815247,174.6958126,881.3,577.82,301.34,255.6524087,256.92,635.74
10.65760088,710.5067251,12.78912105,1261.859944,234.4672193,8.526080702,25.57824211,596.8256491,1294.543253,39.78837661,174.7846544,881.45,577.77,509.4,255.7824211,21.26,635.73
11.53877053,769.2513688,13.84652464,1366.190431,253.8529517,9.231016425,27.69304928,646.1711498,1401.575994,43.07807665,189.2358367,555.04,354.98,615.94,276.9304928,21.56,626.45
8.329667773,555.3111848,9.995601327,986.2326643,183.252691,6.663734218,19.99120265,466.4613953,1011.776979,31.09742635,136.6065515,64.71,31.92,694.9,199.9120265,746.38,630.88
11.74479896,782.9865971,14.09375875,1390.584196,258.385577,9.395839165,28.18751749,657.7087415,1426.60158,43.84724944,192.6147029,64.87,56.95,633.95,281.8751749,745.78,634.85
14.83780852,989.1872348,17.80537023,1756.796529,326.4317875,11.87024682,35.61074045,830.9172772,1802.299142,55.39448515,243.3400598,1276.06,830.92,455.13,356.1074045,744.45,635.5
15.62691118,1041.794079,18.75229342,1850.226284,343.792046,12.50152895,37.50458684,875.1070262,1898.148812,58.34046842,256.2813434,2161.77,1393.89,61.07,375.0458684,109.3,636.31
17.36808336,1157.872224,20.84170003,2056.38107,382.0978339,13.89446669,41.68340006,972.6126681,2109.643192,64.84084454,284.8365671,2162.01,1402.99,366.99,416.8340006,355.43,630.71
18.04365094,1202.910063,21.65238113,2136.368271,396.9603207,14.43492075,43.30476226,1010.444453,2191.702134,67.36296351,295.9158754,1978.93,1301.18,438.03,433.0476226,587.96,635.8
8.534366982,568.9577988,10.24124038,1010.469051,187.7560736,6.827493586,20.48248076,477.924551,1036.641109,31.86163673,139.9636185,687.67,436.5,216.37,204.8248076,269.66,554.11
6.551302638,436.7535092,7.861563166,775.6742324,144.128658,5.241042111,15.72312633,366.8729477,795.7648938,24.45819652,107.4413633,64.83,31.24,218.21,157.2312633,21.64,396.24
9.221671788,614.7781192,11.06600615,1091.84594,202.8767793,7.377337431,22.13201229,516.4136201,1120.125733,34.42757468,151.2354173,64.9,46.94,361.21,221.3201229,21.73,626.56
9.760932067,650.7288045,11.71311848,1155.694357,214.7405055,7.808745654,23.42623696,546.6121958,1185.627882,36.44081305,160.0792859,65.01,31.78,541,234.2623696,745.53,624.7
16.59633574,1106.422383,19.91560289,1965.006152,365.1193863,13.27706859,39.83120578,929.3948014,2015.901581,61.95965343,272.1799061,2032.16,1312.65,160.89,398.3120578,60.59,632.47
15.23667353,1015.778236,18.28400824,1804.022146,335.2068177,12.18933883,36.56801648,853.2537179,1850.747945,56.88358119,249.8814459,1854.99,1201.91,329.42,365.6801648,113.97,635.99
19.05821867,1270.547911,22.8698624,2256.493091,419.2808107,15.24657494,45.73972481,1067.260246,2314.938294,71.15068303,312.5547862,2269.97,1427.02,382.4,457.3972481,641.75,635
15.36711222,1024.474148,18.44053467,1819.466087,338.0764689,12.29368978,36.88106934,860.5582845,1866.591898,57.3705523,252.0206405,1412.17,922.68,355.08,368.8106934,558.91,634.38
17.04388014,1136.258676,20.45265617,2017.995408,374.9653631,13.63510411,40.90531233,954.4572878,2070.263308,63.63048585,279.5196343,1802.42,1182.3,422.38,409.0531233,637.43,632.89
10.19207445,679.4716298,12.23048934,1206.741615,224.2256378,8.153659558,24.46097867,570.756169,1237.99731,38.05041127,167.1500209,833.06,551.89,299.14,244.6097867,438.9,560.5
12.38751234,825.834156,14.86501481,1466.681461,272.5252715,9.910009872,29.73002961,693.700691,1504.669832,46.24671273,203.1552024,1098.96,722.85,337.64,297.3002961,490.24,615.68
17.22410172,1148.273448,20.66892206,2039.333643,378.9302378,13.77928137,41.33784412,964.5496962,2092.154222,64.30331308,282.4752682,1679.32,1193.55,496.26,413.3784412,631.66,620.84
13.01083924,867.3892825,15.61300709,1540.483366,286.2384632,10.40867139,31.22601417,728.6069973,1580.383273,48.57379982,213.3777635,879.95,570.85,366.7,312.2601417,546.38,627.8
8.793037362,586.2024908,10.55164483,1041.095624,193.446822,7.03442989,21.10328967,492.4100923,1068.060938,32.82733949,144.2058127,690.71,446.35,174.76,211.0328967,92.23,570.99
6.296619905,419.7746603,7.555943886,745.5197967,138.5256379,5.037295924,15.11188777,352.6107147,764.8294311,23.50738098,103.2645664,580.85,371.4,172.06,151.1188777,105.99,490.04
6.810549848,454.0366565,8.172659818,806.369102,149.8320967,5.448439878,16.34531964,381.3907915,827.2547882,25.42605277,111.6930175,492.36,304.38,298.07,163.4531964,442.53,426.56
3.466845196,231.1230131,4.160214235,410.4744712,76.27059431,2.773476157,8.32042847,194.143331,421.1061298,12.94288873,56.85626121,257.76,162.86,161.63,83.2042847,0,211.2
5.470725558,364.7150372,6.56487067,647.7339061,120.3559623,4.376580446,13.12974134,306.3606313,664.5107978,20.42404208,89.71989915,410.36,259.06,153.19,131.2974134,121.96,357.42
4.590182893,306.0121928,5.508219471,543.4776545,100.9840236,3.672146314,11.01643894,257.050242,557.5542153,17.1366828,75.27899944,401.85,239.47,131.59,110.1643894,0,368.82
5.824648033,388.3098689,6.98957764,689.6383271,128.1422567,4.659718426,13.97915528,326.1802898,707.5005811,21.74535266,95.52422774,424.93,254.33,202.36,139.7915528,52.07,381.71
3.34383005,222.9220033,4.01259606,395.9094779,73.5642611,2.67506404,8.02519212,187.2544828,406.1638901,12.48363219,54.83881282,280.56,166.89,140.07,80.2519212,0,296.33
4.787759512,319.1839675,5.745311415,566.8707263,105.3307093,3.83020761,11.49062283,268.1145327,581.5531888,17.87430218,78.519256,341.74,205.34,176.13,114.9062283,211.24,324.36
3.659079873,243.9386582,4.390895848,433.235057,80.49975722,2.927263899,8.781791696,204.9084729,444.4562353,13.66056486,60.00890992,301.44,194.16,175.92,87.81791696,22.39,229.3
3.016015377,201.0676918,3.619218452,357.0962206,66.35233828,2.412812301,7.238436904,168.8968611,366.3453344,11.25979074,49.46265218,299.45,199.94,115.08,72.38436904,0,165.5
6.739675067,449.3116711,8.08761008,797.9775279,148.2728515,5.391740053,16.17522016,377.4218037,818.6458648,25.16145358,110.5306711,451.24,277.41,215.6,161.7522016,199.1,401.61
8.4078407,560.5227134,10.08940884,995.4883389,184.9724954,6.72627256,20.17881768,470.8390792,1021.272384,31.38927195,137.8885875,625.09,397.45,210.95,201.7881768,198.18,508.18
6.922805871,461.5203914,8.307367045,819.6602151,152.3017292,5.538244697,16.61473409,387.6771288,840.8901531,25.84514192,113.5340163,561.54,361.64,265.34,166.1473409,187.55,437.79
6.145816628,409.7211085,7.374979954,727.6646888,135.2079658,4.916653303,14.74995991,344.1657312,746.5118598,22.94438208,100.7913927,537.93,334.31,198.97,147.4995991,73.05,456.08
3.793029699,252.8686466,4.551635639,449.0947164,83.44665338,3.034423759,9.103271278,212.4096631,460.7266741,14.16064421,62.20568706,259.72,152.51,113.09,91.03271278,0,283.76
7.234619798,482.3079865,8.681543757,856.578984,159.1616355,5.787695838,17.36308751,405.1387087,878.7651514,27.00924724,118.6477647,623.67,418.8,277.78,173.6308751,269,349.8
1.642434025,109.4956017,1.97092083,194.4641886,36.13354855,1.31394722,3.94184166,91.97630541,199.5009863,6.131753694,26.93591801,101.62,65.35,17.69,39.4184166,0,54.64
7.089760372,472.6506915,8.507712446,839.427628,155.9747282,5.671808298,17.01542489,397.0265808,861.1695598,26.46843872,116.2720701,625.12,401.83,243.63,170.1542489,0,483.27
4.236887406,282.4591604,5.084264887,501.6474689,93.21152293,3.389509925,10.16852977,237.2656947,514.6405903,15.81771298,69.48495346,301.54,177.37,146.77,101.6852977,0,306.46
3.948071418,263.2047612,4.737685702,467.4516559,86.8575712,3.158457135,9.475371404,221.0919994,479.5590749,14.73946663,64.74837126,292.02,173.22,216.46,94.75371404,5.16,276.27
3.725465417,248.3643611,4.4705585,441.0951054,81.96023918,2.980372334,8.941117001,208.6260634,452.519866,13.90840422,61.09763284,279.93,173.61,82.1,89.41117001,0,234.27
4.739205522,315.9470348,5.687046626,561.1219338,104.2625215,3.791364418,11.37409325,265.3955092,575.6554974,17.69303395,77.72297056,366.64,220.99,231.02,113.7409325,142.32,348.58
3.320781952,221.3854635,3.984938343,393.1805831,73.05720295,2.656625562,7.969876685,185.9637893,403.3643145,12.39758595,54.46082402,279.89,178.74,133.94,79.69876685,43.6,200.22
1.8599238,123.99492,2.23190856,220.2149779,40.9183236,1.48793904,4.46381712,104.1557328,225.9187442,6.94371552,30.50275032,172.72,115.19,32.8,44.6381712,36.69,93.01
9.622543163,641.5028775,11.5470518,1139.30911,211.6959496,7.69803453,23.09410359,538.8624171,1168.818243,35.92416114,157.8097079,612.7,393.23,401.57,230.9410359,312.07,500.88
7.656231952,510.4154635,9.187478343,906.4978632,168.437103,6.124985562,18.37495669,428.7489893,929.9769745,28.58326596,125.562204,567.15,424.62,221.31,183.7495669,193.93,530.27
5.465233139,364.3488759,6.558279766,647.0836036,120.2351291,4.372186511,13.11655953,306.0530558,663.8436519,20.40353705,89.62982347,392.61,273.52,174.8,131.1655953,55.57,406.61
0.599375937,39.95839583,0.719251125,70.96611099,13.18627062,0.47950075,1.43850225,33.5650525,72.8041972,2.237670166,9.829765374,65.1,31.98,17.83,14.3850225,0,0
0.9834691,65.56460664,1.180162919,116.4427414,21.63632019,0.78677528,2.360325839,55.07426958,119.4587133,3.671617972,16.12889323,65.11,31.97,57.52,23.60325839,36.83,0
3.980825298,265.3883532,4.776990358,471.3297153,87.57815656,3.184660238,9.553980715,222.9262167,483.5375795,14.86174778,65.28553489,280.6,185.24,185.9,95.53980715,329.44,190.22
5.318969259,354.5979506,6.382763111,629.7659602,117.0173237,4.255175407,12.76552622,297.8622785,646.077466,19.85748523,87.23109584,389.09,256.51,209.11,127.6552622,455.19,273.26
2.003830203,133.5886802,2.404596244,237.2534961,44.08426447,1.603064163,4.809192488,112.2144914,243.3985753,7.480966092,32.86281533,65.2,31.86,238.52,48.09192488,0,143
1.823207353,121.5471569,2.187848823,215.8677506,40.11056176,1.458565882,4.375697647,102.0996118,221.4589198,6.806640784,29.90060059,65.23,31.65,103.89,43.75697647,0,242.22
2.316095561,154.4063708,2.779314674,274.2257145,50.95410235,1.852876449,5.558629347,129.7013514,281.3284075,8.646756763,37.98396721,65.27,31.42,155.15,55.58629347,0,254.1
2.781897866,185.4598578,3.33827744,329.3767074,61.20175306,2.225518293,6.676554879,155.7862805,337.9078608,10.38575203,45.62312501,78.3,49.61,139.14,66.76554879,92.89,304.31
2.353012645,156.8675097,2.823615174,278.5966972,51.76627819,1.882410116,5.647230348,131.7687081,285.8126026,8.784580541,38.58940738,65.37,31.14,130.38,56.47230348,36.88,234.11
3.200475397,213.3650264,3.840570476,378.936287,70.41045873,2.560380317,7.681140952,179.2266222,388.7510782,11.94844148,52.4877965,65.37,31.09,204.87,76.81140952,36.88,324.89
2.576998021,171.7998681,3.092397625,305.1165657,56.69395646,2.061598417,6.18479525,144.3118892,313.0193596,9.620792611,42.26276754,65.37,31.1,161.21,61.8479525,36.86,257.63
3.221542211,214.7694807,3.865850653,381.4305977,70.87392863,2.577233768,7.731701305,180.4063638,391.3099938,12.02709092,52.83329225,65.37,30.94,146.52,77.31701305,0,356.05
1.282066108,85.47107389,1.53847933,151.7966272,28.20545438,1.025652887,3.07695866,71.79570206,155.7282966,4.786380138,21.02588418,65.37,30.75,64.59,30.7695866,7.72,138.06
2.577750407,171.8500271,3.093300488,305.2056482,56.71050895,2.062200326,6.186600977,144.3540228,313.1107494,9.62360152,42.27510668,65.37,30.71,152.65,61.86600977,0,329.47
2.525860838,168.3907225,3.031033005,299.0619232,55.56893843,2.02068867,6.062066011,141.4482069,306.8078964,9.429880461,41.42411774,65.37,30.66,149.11,60.62066011,0,192.3
3.596957852,239.7971901,4.316349422,425.8798096,79.13307274,2.877566281,8.632698844,201.4296397,436.9104804,13.42864265,58.99010877,65.37,30.64,88.38,86.32698844,37.08,413.32
1.843797655,122.9198437,2.212557187,218.3056424,40.56354842,1.475038124,4.425114373,103.2526687,223.9599552,6.883511247,30.23828155,65.37,32.11,87.64,44.25114373,55.24,147.25
2.104349001,140.2899334,2.525218802,249.1549218,46.29567803,1.683479201,5.050437603,117.8435441,255.6082587,7.856236272,34.51132362,65.37,30.61,87.79,50.50437603,37.09,207.52
6.562237318,437.4824879,7.874684782,776.9688984,144.369221,5.249789854,15.74936956,367.4852898,797.0930929,24.49901932,107.620692,501.37,79.47,305.62,157.4936956,154.17,455.18
5.22339113,348.2260753,6.268069356,618.4495098,114.9146049,4.178712904,12.53613871,292.5099033,634.4679093,19.50066022,85.66361453,741.55,31.68,46.57,125.3613871,27.23,510.68
4.343350055,289.5566704,5.212020066,514.2526466,95.55370122,3.474680044,10.42404013,243.2276031,527.5722534,16.21517354,71.23094091,436.62,145.69,224.5,104.2404013,194.58,276.03
6.949841616,463.3227744,8.339809939,822.8612473,152.8965155,5.559873293,16.67961988,389.1911305,844.1740949,25.94607537,113.9774025,567.76,449.7,217.96,166.7961988,265.17,298.32
5.309865386,353.9910257,6.371838463,628.6880617,116.8170385,4.247892308,12.74367693,297.3524616,644.9716488,19.82349744,87.08179232,436.71,297.68,133.53,127.4367693,204.02,318.11
6.219249523,414.6166348,7.463099427,736.3591435,136.8234895,4.975399618,14.92619885,348.2779733,755.4315087,23.21853155,101.9956922,545.91,399.61,203.29,149.2619885,37.19,383.15
3.686617209,245.7744806,4.423940651,436.4954775,81.1055786,2.949293767,8.847881301,206.4505637,447.8011036,13.76337091,60.46052223,283.86,191.41,118.63,88.47881301,107.93,119
8.324952819,554.9968546,9.989943383,985.6744138,183.148962,6.659962255,19.97988677,466.1973579,1011.204269,31.07982386,136.5292262,873.43,665.77,193,199.7988677,136.7,601.24
6.469066825,431.2711217,7.76288019,765.9375121,142.3194702,5.17525346,15.52576038,362.2677422,785.7759837,24.15118281,106.0926959,414.89,285.82,241.38,155.2576038,196.26,313.46
4.604402992,306.9601995,5.52528359,545.1613143,101.2968658,3.683522394,11.05056718,257.8465676,559.2814834,17.18977117,75.51220907,414.89,294.98,171.87,110.5056718,35.08,240.21
5.464932184,364.3288123,6.557918621,647.0479706,120.2285081,4.371945747,13.11583724,306.0362023,663.807096,20.40241349,89.62488782,414.89,294.14,130.53,131.1583724,228.39,301.92
5.536684749,369.1123166,6.644021699,655.5434743,121.8070645,4.4293478,13.2880434,310.054346,672.5226409,20.67028973,90.80162989,414.89,296.69,244.15,132.880434,174.53,293.73
5.409255604,360.6170403,6.491106725,640.4558636,119.0036233,4.327404484,12.98221345,302.9183138,657.0442474,20.19455426,88.71179191,393.06,269.57,157.61,129.8221345,267.09,294.7
5.960604222,397.3736148,7.152725066,705.7355399,131.1332929,4.768483377,14.30545013,333.7938364,724.0147261,22.25292243,97.75390924,502.23,348.28,223.3,143.0545013,37.16,372.49
4.930085904,328.6723936,5.916103085,583.7221711,108.4618899,3.944068724,11.83220617,276.0848106,598.8411012,18.40565404,80.85340883,436.72,303.16,109.68,118.3220617,204.08,282.13
5.568661164,371.2440776,6.682393396,659.3294818,122.5105456,4.454928931,13.36478679,311.8450252,676.4067093,20.78966834,91.32604308,436.72,304.57,183.65,133.6478679,126.44,328.69
4.951528911,330.1019274,5.941834694,586.2610231,108.9336361,3.961223129,11.88366939,277.285619,601.4457118,18.48570794,81.20507415,436.72,304.14,157.5,118.8366939,107.81,282.63
4.911602283,327.4401522,5.89392274,581.5337103,108.0552502,3.929281826,11.78784548,275.0497279,596.5959573,18.33664852,80.55027744,436.72,304.12,156.23,117.8784548,41.06,291.11
6.583053337,438.8702224,7.899664004,779.433515,144.8271734,5.266442669,15.79932801,368.6509868,799.6215453,24.57673246,107.9620747,589.6,434.66,164.53,157.9932801,72.79,416.62
3.339416051,222.6277367,4.007299261,395.3868604,73.46715312,2.671532841,8.014598522,187.0072988,405.6277363,12.46715326,54.76642323,305.7,198.38,124.52,80.14598522,37.18,161.34
5.764482215,384.2988144,6.917378659,682.5146943,126.8186087,4.611585772,13.83475732,322.8110041,700.1924398,21.5207336,94.53750833,480.4,348.55,109.03,138.3475732,245.73,345.02
9.725118483,648.3412322,11.67014218,1151.454028,213.9526066,7.780094787,23.34028436,544.6066351,1181.277725,36.307109,159.4919431,720.62,556.55,353.4,233.4028436,318.77,457.24
6.511576646,434.1051097,7.813891975,770.9706749,143.2546862,5.209261317,15.62778395,364.6482922,790.93951,24.30988615,106.789857,545.89,362.74,175.2,156.2778395,236.84,378.9
6.462169952,430.8113301,7.754603942,765.1209223,142.1677389,5.169735961,15.50920788,361.8815173,784.9382434,24.12543449,105.9795872,502.24,360.47,203.08,155.0920788,164.4,343.98
5.928276694,395.2184463,7.113932033,701.9079606,130.4220873,4.742621355,14.22786407,331.9834949,720.0880091,22.13223299,97.22373779,589.59,422.87,85.5,142.2786407,41.41,399.37
3.150968384,210.0645589,3.781162061,373.0746566,69.32130444,2.520774707,7.562324121,176.4542295,382.7376263,11.7636153,51.67588149,130.98,215.23,43.62,75.62324121,201.63,120.2
7.410402297,494.0268198,8.892482756,877.3916319,163.0288505,5.928321837,17.78496551,414.9825286,900.1168656,27.66550191,121.5305977,742.27,383.87,298.45,177.8496551,162.83,466.64
2.183650508,145.5767005,2.62038061,258.5442202,48.04031118,1.746920407,5.24076122,122.2844285,265.2407484,8.152295231,35.81186834,64.54,184.77,73.51,52.4076122,37.17,65.6
7.829556656,521.9704438,9.395467988,927.0195081,172.2502464,6.263645325,18.79093598,438.4551728,951.0301485,29.23034485,128.4047292,698.6,343.54,154.11,187.9093598,298.39,448.76
3.213316121,214.2210748,3.855979346,380.4566288,70.69295467,2.570652897,7.711958691,179.9457028,390.3107982,11.99638019,52.69838439,218.36,138.72,127.91,77.11958691,0,182.86
4.826306766,321.7537844,5.791568119,571.4347211,106.1787489,3.861045413,11.58313624,270.2731789,586.2353952,18.01821193,79.15143096,414.89,296.78,186.4,115.8313624,79.8,310.96
3.129073945,208.6049297,3.754888734,370.4823551,68.83962679,2.503259156,7.509777468,175.2281409,380.0781818,11.68187606,51.3168127,152.85,80.89,58.27,75.09777468,86.16,141.99
7.442102836,496.1401891,8.930523403,881.1449758,163.7262624,5.953682269,17.86104681,416.7577588,903.9674245,27.78385059,122.0504865,720.62,567.54,264.54,178.6104681,108.14,507.7
3.825858818,255.0572545,4.591030581,452.981684,84.16889399,3.060687054,9.182061162,214.2480938,464.7143177,14.28320625,62.74408461,327.54,194.33,47.44,91.82061162,120.99,236.17
6.096936604,406.4624403,7.316323925,721.8772939,134.1326053,4.877549283,14.63264785,341.4284498,740.5745661,22.76189665,99.9897603,524.08,403.05,253.15,146.3264785,86.59,294.58
4.050220386,270.0146924,4.860264464,479.5460938,89.1048485,3.240176309,9.720528928,226.8123416,491.9667696,15.12082278,66.42361434,218.35,125.1,130.68,97.20528928,15.35,158.52
7.018534477,467.9022985,8.422241372,830.9944821,154.4077585,5.614827582,16.84448274,393.0379307,852.5179878,26.20252871,115.1039654,567.76,424.54,306.37,168.4448274,245.41,397.67
5.2839833,352.2655533,6.34077996,625.6236227,116.2476326,4.22718664,12.68155992,295.9030648,641.8278382,19.72687099,86.65732612,349.37,212.93,209.87,126.8155992,224.04,270.77
6.859906384,457.3270922,8.23188766,812.2129158,150.9179404,5.487925107,16.46377532,384.1547575,833.2499621,25.61031717,112.5024647,502.24,359.05,228.9,164.6377532,293.63,346.87
11.47388976,764.925984,13.76866771,1358.508548,252.4255747,9.179111808,27.53733542,642.5378266,1393.695143,42.8358551,188.1717921,917.09,677.29,480.86,275.3733542,284.65,632.63
5.911172448,394.0781632,7.093406937,699.8828178,130.0457938,4.728937958,14.18681387,331.0256571,718.0104133,22.06837714,96.94322814,436.72,304.01,217.64,141.8681387,251.64,302.48
3.005933401,200.3955601,3.607120082,355.9025147,66.13053483,2.404746721,7.214240163,168.3322705,365.1207105,11.22215136,49.29730778,240.19,151.21,130.68,72.14240163,37.18,162.24
4.078535188,271.9023458,4.894242225,482.8985662,89.72777413,3.26282815,9.78848445,228.3979705,495.4060741,15.22653137,66.88797708,349.39,248.29,79.09,97.8848445,164.92,242.73
4.092780367,272.8520244,4.91133644,484.5851954,90.04116807,3.274224293,9.82267288,229.1957005,497.1363885,15.27971337,67.12159801,262.02,147.1,148.45,98.2267288,212.4,195.8
7.682088959,512.1392639,9.21850675,909.5593327,169.0059571,6.145671167,18.4370135,430.1969817,933.1177388,28.67979878,125.9862589,567.75,414.47,270.73,184.370135,346.73,399.95
2.290213476,152.6808984,2.748256171,271.1612755,50.38469646,1.832170781,5.496512342,128.2519546,278.1845968,8.550130309,37.559501,105.7,190.4,40.88,54.96512342,88.34,97.31
4.499094002,299.9396001,5.398912802,532.6927298,98.98006804,3.599275201,10.7978256,251.9492641,546.4899514,16.79661761,73.78514163,436.62,132.12,238.88,107.978256,37.19,308.02
5.993884772,399.5923181,7.192661726,709.675957,131.865465,4.795107818,14.38532345,335.6575472,728.0572036,22.37716982,98.29971026,502.25,387.05,121.84,143.8532345,216.57,298.33
4.186201655,279.0801103,5.023441986,495.6462759,92.09643641,3.348961324,10.04688397,234.4272927,508.483961,15.62848618,68.65370714,371.2,243.28,179.8,100.4688397,119.63,212.21
8.866194382,591.0796255,10.63943326,1049.757415,195.0562764,7.092955505,21.27886652,496.5068854,1076.947078,33.10045903,145.4055879,698.78,528.49,220.52,212.7886652,234.61,455.39
3.127845047,208.5230032,3.753414057,370.3368536,68.81259104,2.502276038,7.506828114,175.1593227,379.9289118,11.67728818,51.29665878,305.68,167.93,34.24,75.06828114,20.35,240.83
4.261515515,284.1010343,5.113818618,504.563437,93.75334133,3.409212412,10.22763724,238.6448688,517.6320845,15.90965792,69.88885444,327.55,217.53,193.54,102.2763724,41.07,261.84
4.391853887,292.7902591,5.270224664,519.9955002,96.62078551,3.513483109,10.54044933,245.9438176,533.4638521,16.39625451,72.02640374,371.22,260.27,157.34,105.4044933,146.87,203.96
4.901369831,326.7579887,5.881643797,580.3221879,107.8301363,3.921095864,11.76328759,274.4767105,595.3530554,18.29844737,80.38246522,393.06,269.8,139.6,117.6328759,133.78,258.64
4.025115766,268.3410511,4.83013892,476.5737067,88.55254686,3.220092613,9.66027784,225.4064829,488.9173951,15.02709886,66.01189857,283.86,172.33,172.98,96.6027784,182.76,241.64
5.621052324,374.7368216,6.745262788,665.5325951,123.6631511,4.496841859,13.49052558,314.7789301,682.7704889,20.98526201,92.18525811,502.24,379.85,183.38,134.9052558,59.15,284.6
8.645870619,576.3913746,10.37504474,1023.671081,190.2091536,6.916696495,20.75008949,484.1687547,1050.185085,32.27791698,141.7922781,786.08,572.38,190.81,207.5008949,202.15,486.48
5.200067157,346.6711438,6.240080589,615.6879514,114.4014775,4.160053726,12.48016118,291.2037608,631.6348241,19.41358405,85.28110138,393.07,278.73,177.41,124.8016118,113.12,325.16
3.249079546,216.6053031,3.898895455,384.6910183,71.47975001,2.599263637,7.79779091,181.9484546,394.6548622,12.12989697,53.28490455,240.17,114.48,124.71,77.9779091,41.41,192.21
4.952281298,330.1520865,5.942737557,586.3501056,108.9501885,3.961825038,11.88547511,277.3277527,601.5371016,18.48851684,81.21741328,393.06,278.64,127.53,118.8547511,104.89,289.64
3.241279809,216.0853206,3.889535771,383.7675294,71.3081558,2.593023847,7.779071541,181.5116693,393.7074541,12.10077795,53.15698887,283.85,150.54,79.16,77.79071541,96.12,227.84
7.345897719,489.7265146,8.815077262,869.7542899,161.6097498,5.876718175,17.63015452,411.3702722,892.2817096,27.42468482,120.4727226,611.44,464.65,261.15,176.3015452,244.26,368.04
5.537311738,369.1541159,6.644774086,655.6177098,121.8208582,4.42984939,13.28954817,310.0894573,672.5987991,20.67263049,90.8119125,414.89,268.55,214.82,132.8954817,37.11,310.9
7.654426225,510.2950817,9.18531147,906.2840651,168.397377,6.12354098,18.37062294,428.6478686,929.7576388,28.57652457,125.5325901,611.42,440.89,130.82,183.7062294,310.76,323.45
9.175400036,611.6933357,11.01048004,1086.367364,201.8588008,7.340320029,22.02096009,513.822402,1114.505258,34.2548268,150.4765606,720.61,533.67,172.91,220.2096009,191.92,521.04
3.846775154,256.451677,4.616130185,455.4581783,84.62905339,3.077420123,9.23226037,215.4194086,467.2549554,14.36129391,63.08711253,305.7,186.17,176.37,92.3226037,162.51,194.65
5.080512988,338.7008659,6.096615586,601.5327378,111.7712857,4.06441039,12.19323117,284.5087273,617.1129776,18.96724849,83.320413,458.56,321.3,166.4,121.9323117,146.94,334.74
3.426968727,228.4645818,4.112362472,405.7530972,75.39331198,2.741574981,8.224724944,191.9102487,416.262468,12.79401658,56.20228711,262.03,160.08,124.93,82.24724944,89.78,216.78
3.04420478,202.9469853,3.653045736,360.433846,66.97250516,2.435363824,7.306091472,170.4754677,369.7694073,11.36503118,49.92495839,174.66,85.99,85.66,73.06091472,37.18,145.04
6.583153655,438.8769103,7.899784386,779.4453927,144.8293804,5.266522924,15.79956877,368.6566047,799.6337306,24.57710698,107.9637199,676.96,532.64,38.03,157.9956877,68.6,442.7
4.305128836,287.008589,5.166154603,509.7272541,94.71283439,3.444103069,10.33230921,241.0872148,522.9296492,16.07248099,70.60411291,371.21,237.35,185.67,103.3230921,84.21,211.91
5.363259727,357.5506485,6.435911673,635.0099517,117.991714,4.290607782,12.87182335,300.3425447,651.4572815,20.02283631,87.95745953,371.22,247.88,206.22,128.7182335,149.61,288.79
5.83189602,388.793068,6.998275224,690.4964888,128.3017124,4.665516816,13.99655045,326.5861771,708.3809699,21.77241181,95.64309473,524.07,356.67,187.41,139.9655045,41.06,355.68
9.662344394,644.1562929,11.59481327,1144.021576,212.5715767,7.729875515,23.18962654,541.091286,1173.652766,36.0727524,158.4624481,786.09,586.73,366.66,231.8962654,209.65,441.79
5.183514661,345.567644,6.220217593,613.7281358,114.0373225,4.146811729,12.44043519,290.276821,629.6242475,19.35178807,85.00964044,371.22,260.16,142,124.4043519,163.17,290.94
5.421569659,361.4379773,6.505883591,641.9138476,119.2745325,4.337255727,13.01176718,303.6079009,658.5399946,20.24052673,88.9137424,458.54,295.53,242.01,130.1176718,183.02,315.41
6.08843464,405.8956426,7.306121567,720.8706613,133.9455621,4.870747712,14.61224313,340.9523398,739.5418609,22.73015599,99.85032809,502.25,362.23,218.01,146.1224313,37.12,364.23
6.031152969,402.0768646,7.237383563,714.0885116,132.6853653,4.824922375,14.47476713,337.7445663,732.5840473,22.51630442,98.91090869,545.91,402.17,91.7,144.7476713,6.49,271.27
3.712098022,247.4732015,4.454517626,439.5124058,81.66615648,2.969678418,8.909035253,207.8774892,450.8961731,13.85849928,60.87840756,283.86,172.66,136.41,89.09035253,112.47,228.28
2.875319155,191.6879436,3.450382985,340.4377879,63.2570214,2.300255324,6.900765971,161.0178727,349.2554333,10.73452484,47.15523413,218.34,124.22,103.8,69.00765971,136.19,176.62
2.817786689,187.8524459,3.381344027,333.6259439,61.99130715,2.254229351,6.762688053,157.7960546,342.2671565,10.51973697,46.2117017,131.01,76.38,55.48,67.62688053,75.11,67.37
6.9627325,464.1821666,8.355278999,824.3875279,153.180115,5.570186,16.710558,389.91302,845.7399076,25.99420133,114.188813,567.76,441.87,244.83,167.10558,112.06,396.37
3.156786837,210.4524558,3.788144205,373.7635615,69.44931042,2.52542947,7.576288409,176.7800629,383.4443745,11.78533753,51.77130413,262.02,157.45,127.82,75.76288409,100.73,141.16
3.478457023,231.8971349,4.174148428,411.8493115,76.52605451,2.782765618,8.348296855,194.7935933,422.5165797,12.98623955,57.04669518,327.55,238,124.97,83.48296855,94.17,178.93
8.046645159,536.4430106,9.65597419,952.7227868,177.0261935,6.437316127,19.31194838,450.6121289,977.3991653,30.04080859,131.9649806,698.77,522.07,101.06,193.1194838,95.26,488.8
2.510637557,167.3758371,3.012765068,297.2594867,55.23402625,2.008510045,6.025530136,140.5957032,304.9587752,9.373046879,41.17445593,174.66,67.91,35.03,60.25530136,28.93,144.8
3.024291625,201.6194417,3.62914995,358.0761284,66.53441575,2.4194333,7.2582999,169.360331,367.3506227,11.29068873,49.59838265,240.2,171.92,215.73,72.582999,67.12,115.7
2.14588072,143.0587147,2.575056864,254.0722773,47.20937585,1.716704576,5.150113729,120.1693203,260.6529782,8.011288022,35.19244381,152.85,81.38,103.96,51.50113729,84.22,140.09
2.0640211,137.6014067,2.47682532,244.3800983,45.40846421,1.65121688,4.953650641,115.5851816,250.709763,7.705678774,33.84994604,152.85,90.99,104.16,49.53650641,43.91,143.68
6.846965341,456.4643561,8.216358409,810.6806963,150.6332375,5.477572273,16.43271682,383.4300591,831.6780567,25.56200394,112.2902316,589.6,450.95,203.12,164.3271682,154.66,404.17
2.303580871,153.572058,2.764297045,272.7439751,50.67877916,1.842864697,5.52859409,129.0005288,279.8082898,8.600035251,37.77872628,218.34,108.24,82.6,55.2859409,37.17,180.31
7.315300679,487.686712,8.778360815,866.1316004,160.9366149,5.852240543,17.55672163,409.656838,888.5651892,27.31045587,119.9709311,742.43,578.75,211.32,175.5672163,265.67,366.74
2.866365759,191.0910506,3.43963891,339.3777058,63.06004669,2.293092607,6.879277821,160.5164825,348.1678941,10.70109883,47.00839844,240.19,142.1,76.33,68.79277821,6.48,193.29
2.218260274,147.8840183,2.661912329,262.6420165,48.80172603,1.774608219,5.323824658,124.2225753,269.4446813,8.281505023,36.37946849,104.75,205.73,61.95,53.23824658,6.49,93.64
3.101009939,206.7339959,3.721211927,367.1595768,68.22221866,2.480807951,7.442423854,173.6565566,376.6693406,11.57710377,50.856563,283.74,184.31,104.18,74.42423854,6.49,217.24
2.87609662,191.7397747,3.451315944,340.5298398,63.27412565,2.300877296,6.902631889,161.0614107,349.3498695,10.73742738,47.16798457,130.95,67.56,76.43,69.02631889,6.49,121.48
1.687276243,112.4850829,2.024731492,199.7735072,37.12007736,1.349820995,4.049462984,94.48746963,204.947821,6.299164642,27.67133039,130.95,72.3,49.61,40.49462984,37.17,90.86
2.297010031,153.1340021,2.756412037,271.9659877,50.53422068,1.837608025,5.512824075,128.6325617,279.0101518,8.575504116,37.67096451,152.77,80.89,40.71,55.12824075,74.9,128.79
6.883782106,458.9188071,8.260538527,815.0398014,151.4432063,5.507025685,16.52107705,385.4917979,836.1500665,25.6994532,112.8940265,698.6,370.17,204.32,165.2107705,259.71,336.22
6.359318756,423.9545837,7.631182507,752.9433407,139.9050126,5.087455005,15.26236501,356.1218503,772.4452516,23.74145669,104.2928276,502.25,372.23,266.5,152.6236501,105.34,351.35
2.577374214,171.8249476,3.092849057,305.1611069,56.70223271,2.061899371,6.185698113,144.332956,313.0650545,9.622197065,42.26893711,130.99,225.87,70.08,61.85698113,101.98,111.18
3.700034763,246.6689842,4.440041716,438.0841159,81.40076479,2.96002781,8.880083431,207.2019467,449.4308892,13.81346312,60.68057011,436.62,144.52,32.62,88.80083431,63.11,269.48
2.596861017,173.1240678,3.11623322,307.4683444,57.13094237,2.077488813,6.23246644,145.4242169,315.4320515,9.694947796,42.58852068,131.01,68.7,79.25,62.3246644,110.38,118.28
3.103041382,206.8694255,3.723649658,367.4000996,68.2669104,2.482433106,7.447299317,173.7703174,376.9160932,11.58468783,50.88987866,262.04,188.28,100.53,74.47299317,57.77,173.78
1.734776893,115.6517929,2.081732272,205.3975841,38.16509165,1.387821514,4.163464543,97.14750601,210.7175666,6.476500401,28.45034105,130.79,55.71,65.33,41.63464543,37.19,95.22
3.10860904,207.2406027,3.730330848,368.0593103,68.38939888,2.486887232,7.460661696,174.0821062,377.592378,11.60547375,50.98118825,305.71,234.33,95.14,74.60661696,54.84,150.9
2.184979724,145.6653149,2.621975669,258.7015993,48.06955393,1.747983779,5.243951337,122.3588645,265.4022038,8.157257636,35.83366747,196.51,103.63,73.22,52.43951337,6.49,159.94
2.953266366,196.8844244,3.54391964,349.6667378,64.97186006,2.362613093,7.087839279,165.3829165,358.7234213,11.02552777,48.43356841,262.04,193.12,121.32,70.87839279,28.64,165.01
5.175338731,345.022582,6.210406477,612.7601057,113.8574521,4.140270984,12.42081295,289.8189689,628.6311445,19.32126459,84.87555518,502.24,373.15,109.65,124.2081295,24.67,332.56
3.544215578,236.2810385,4.253058694,419.6351245,77.97274272,2.835372463,8.506117388,198.4760724,430.5040522,13.23173816,58.12513548,283.85,174.63,155.19,85.06117388,102.42,190.75
4.017165552,267.8110368,4.820598663,475.6324014,88.37764215,3.213732442,9.641197325,224.9612709,487.9517091,14.99741806,65.88151506,305.71,215.45,130.85,96.41197325,211.24,192.93
2.358630462,157.2420308,2.830356554,279.2618467,51.88987016,1.88690437,5.660713109,132.0833059,286.4949801,8.805553725,38.68153958,196.51,108.3,67.55,56.60713109,37.17,156.55
6.931107199,462.0738133,8.317328639,820.6430924,152.4843584,5.544885759,16.63465728,388.1420031,841.8984878,25.87613354,113.6701581,567.76,438.77,280.97,166.3465728,165.54,331.28
3.528114513,235.2076342,4.233737416,417.7287584,77.61851929,2.822491611,8.467474832,197.5744127,428.5483095,13.17162752,57.86107802,262.01,144.1,64.73,84.67474832,77.52,199.5
6.074891688,404.9927792,7.289870025,719.2671758,133.6476171,4.85991335,14.57974005,340.1939345,737.8968437,22.67959563,99.62822368,524.08,404.62,195.05,145.7974005,163.91,284.53
3.947469509,263.1646339,4.736963411,467.3803899,86.8443292,3.157975607,9.473926822,221.0582925,479.4859631,14.7372195,64.73849995,327.54,210.07,156.32,94.73926822,46.81,249.85
2.77296955,184.8646367,3.32756346,328.3195947,61.0053301,2.21837564,6.65512692,155.2862948,336.823368,10.35241965,45.47670062,218.34,118.03,85.52,66.5512692,47.59,167.37
2.478962097,165.2641398,2.974754517,293.5091123,54.53716614,1.983169678,5.949509033,138.8218774,301.1112627,9.254791829,40.65497839,218.36,149.47,70.32,59.49509033,37.19,139.95
3.524553218,234.9702146,4.229463862,417.3071011,77.54017081,2.819642575,8.458927724,197.3749802,428.1157309,13.15833202,57.80267278,283.87,192.86,152.54,84.58927724,37.17,194.5
4.816174632,321.0783088,5.779409558,570.2350764,105.9558419,3.852939705,11.55881912,269.7057794,585.0046786,17.98038529,78.98526396,414.89,307.39,130.63,115.5881912,91.38,243.87
4.09970232,273.313488,4.919642784,485.4047547,90.19345104,3.279761856,9.839285567,229.5833299,497.9771751,15.30555533,67.23511804,327.54,216.58,154.09,98.39285567,241.93,247.94
10.99514641,733.0097608,13.19417569,1301.825335,241.8932211,8.79611713,26.38835139,615.7281991,1335.543784,41.04854661,180.3204012,1113.52,849.71,255.08,263.8835139,184.31,632.93
5.316034953,354.4023302,6.379241943,629.4185384,116.952769,4.252827962,12.75848389,297.6979573,645.7210456,19.84653049,87.18297322,327.54,222.12,193.02,127.5848389,108.71,245.89
3.255524988,217.0349992,3.906629986,385.4541586,71.62154973,2.60441999,7.813259971,182.3093993,395.4377685,12.15395995,53.3906098,305.71,212.95,61.86,78.13259971,76.89,156.66
2.956075275,197.071685,3.54729033,349.9993125,65.03365605,2.36486022,7.09458066,165.5402154,359.0646101,11.03601436,48.47963451,240.18,134.4,115.97,70.9458066,107.02,184.19
3.440386281,229.3590854,4.128463537,407.3417356,75.68849817,2.752309025,8.256927074,192.6616317,417.8922536,12.84410878,56.422335,327.54,230.71,70.62,82.56927074,37.15,164.01
5.586593035,372.4395357,6.703911642,661.4526153,122.9050468,4.469274428,13.40782328,312.84921,678.584834,20.856614,91.62012577,436.72,292.93,229.22,134.0782328,127.5,310.49
4.092705128,272.8470085,4.911246154,484.5762872,90.03951282,3.274164102,9.822492307,229.1914872,497.1272495,15.27943248,67.1203641,218.36,142.86,136.45,98.22492307,85.41,180.58
3.369411181,224.6274121,4.043293417,398.9382838,74.12704599,2.695528945,8.086586835,188.6870261,409.2711448,12.57913508,55.25834337,283.86,197.83,103.82,80.86586835,123.83,157.3
4.375251231,291.6834154,5.250301477,518.0297457,96.25552708,3.500200985,10.50060295,245.0140689,531.4471828,16.33427126,71.75412019,371.22,251.38,137.31,105.0060295,40.63,277.72
11.99005178,799.3367855,14.38806214,1419.622131,263.7811392,9.592041426,28.77612428,671.4428998,1456.391623,44.76285999,196.6368492,655.05,476.86,780.84,287.7612428,736.84,621.32
24.14941554,1609.961036,28.97929865,2859.2908,531.2871419,19.31953243,57.9585973,1352.36727,2933.349008,90.15781802,396.0504149,3285.93,1672.57,791.37,579.585973,747.39,630
19.28481232,1285.654155,23.14177478,2283.321778,424.265871,15.42784985,46.28354956,1079.94949,2342.46187,71.99663265,316.270922,1712.08,1271.96,766.44,462.8354956,749.07,635.88
15.5909722,1039.398147,18.70916664,1845.971109,343.0013884,12.47277776,37.41833328,873.0944433,1893.783423,58.20629622,255.6919441,1287.68,871.91,495.53,374.1833328,748.49,635.42
29.79283882,1986.189254,35.75140658,3527.472116,655.4424539,23.83427105,71.50281316,1668.398974,3618.836822,111.2265982,488.6025566,6714.03,1554.61,547.22,715.0281316,36,634.1
32.61937826,2174.625218,39.14325392,3862.134386,717.6263218,26.09550261,78.28650783,1826.685183,3962.167146,121.7790122,534.9578035,7179.09,1565.53,797.17,782.8650783,746.97,599.25
34.43751955,2295.834637,41.32502346,4077.402315,757.6254301,27.55001564,82.65004692,1928.501095,4183.010708,128.5667397,564.7753206,7875,1539.95,821.92,826.5004692,745.52,619.09
22.80645631,1520.430421,27.36774757,2700.284427,501.7420388,18.24516505,54.73549514,1277.161553,2770.224226,85.14410356,374.0258835,2738.73,1707.08,776.57,547.3549514,749.56,636.7
17.18650749,1145.767166,20.62380898,2034.882486,378.1031647,13.74920599,41.24761797,962.4444192,2087.587776,64.16296128,281.8587228,925.24,1405.35,633.62,412.4761797,731.74,635.73
16.91271414,1127.514276,20.29525697,2002.465354,372.0797111,13.53017131,40.59051394,947.111992,2054.331011,63.14079947,277.3685119,1730.09,1076.31,321.22,405.9051394,430.94,635.06
16.31935729,1087.957153,19.58322875,1932.211904,359.0258605,13.05548584,39.16645751,913.8840085,1982.257933,60.92560057,267.6374596,1777.73,1143.77,439.98,391.6645751,379.76,636.6
14.37940468,958.6269788,17.25528562,1702.521514,316.346903,11.50352375,34.51057124,805.2466622,1746.618355,53.68311081,235.8222368,1147.83,719.44,406.57,345.1057124,638.57,635.24
14.08241276,938.8275176,16.89889532,1667.357671,309.8130808,11.26593021,33.79779063,788.6151147,1710.543737,52.57434098,230.9515693,1147.62,723.12,381.36,337.9779063,635.63,635.5
13.05871608,870.5810721,15.6704593,1546.151984,287.2917538,10.44697286,31.34091859,731.2881005,1586.198713,48.75254003,214.1629437,1147.42,726.01,268.41,313.4091859,194.93,635.84
9.88577802,659.051868,11.86293362,1170.476118,217.4871164,7.908622416,23.72586725,553.6035691,1200.792503,36.90690461,162.1267595,931.21,598.55,163.05,237.2586725,104.13,552.55
6.375846173,425.0564115,7.651015408,754.9001869,140.2686158,5.100676939,15.30203082,357.0473857,774.4527818,23.80315905,104.5638772,626.69,397.75,199.12,153.0203082,82.26,347.8
9.130231784,608.6821189,10.95627814,1081.019443,200.8650992,7.304185427,21.91255628,511.2929799,1109.018821,34.08619866,149.7358013,931.18,628.48,158.82,219.1255628,333.36,390.27
10.95291247,730.1941644,13.14349496,1296.824836,240.9640743,8.762329973,26.28698992,613.3630981,1330.413768,40.89087321,179.6277644,1017.61,677.28,291.56,262.8698992,197.8,503.09
7.226794981,481.7863321,8.672153977,855.6525258,158.9894896,5.781435985,17.34430795,404.7005189,877.814697,26.9800346,118.5194377,668.84,423.63,259.64,173.4430795,229.87,374.64
6.123646314,408.2430876,7.348375577,725.0397236,134.7202189,4.898917052,14.69675115,342.9241936,743.8189057,22.86161291,100.4277996,584.21,369.76,201.47,146.9675115,152.18,323.42
6.058213793,403.8809196,7.269856552,717.2925131,133.2807035,4.846571035,14.5397131,339.2599724,735.8710354,22.6173315,99.35470621,583.3,371.54,200.49,145.397131,159.01,327.92
4.719919355,314.6612904,5.663903226,558.8384517,103.8382258,3.775935484,11.32780645,264.3154839,573.312871,17.62103226,77.40667743,451.97,275.35,163.03,113.2780645,110.95,236.24
7.228274674,481.8849783,8.673929609,855.8277214,159.0220428,5.782619739,17.34785922,404.7833817,877.9944304,26.98555878,118.5437047,669.22,437.4,188.5,173.4785922,405.84,330.35
5.026667215,335.1111476,6.032000658,595.1573982,110.5866787,4.021333772,12.06400132,281.493364,610.572511,18.76622427,82.43734232,624.89,422.87,24.49,120.6400132,36.37,174.37
8.123689507,541.5793005,9.748427408,961.8448376,178.7211692,6.498951606,19.49685482,454.9266124,986.7574854,30.32844083,133.2285079,756.3,487.5,290.62,194.9685482,126.02,396.55
12.38753742,825.8358279,14.8650449,1466.68443,272.5258232,9.910029935,29.73008981,693.7020955,1504.672878,46.24680636,203.1556137,969.68,620.01,546.92,297.3008981,633.05,563.67
11.97237071,798.1580471,14.36684485,1417.528692,263.3921555,9.577896565,28.7336897,670.4527596,1454.243962,44.69685064,196.3468796,516.7,319.04,779.61,287.336897,743.94,632.3
16.11633841,1074.422561,19.3396061,1908.174468,354.5594451,12.89307073,38.6792122,902.5149512,1957.597906,60.16766342,264.30795,1984.7,1282.93,454.72,386.792122,161.16,636.39
17.05494022,1136.996014,20.46592826,2019.304922,375.2086848,13.64395217,40.93185652,955.0766521,2071.606738,63.67177681,279.7010196,1506.51,978.64,690.49,409.3185652,642.67,632.94
16.04681793,1069.787862,19.25618151,1899.943243,353.0299944,12.83745434,38.51236303,898.621804,1949.153484,59.90812027,263.167814,1505.08,972.21,424.84,385.1236303,629.04,636.24
13.23567732,882.3784879,15.88281278,1567.104194,291.184901,10.58854185,31.76562556,741.1979298,1607.693605,49.41319532,217.065108,1186.6,751.76,415.66,317.6562556,626.6,636.34
12.2269782,815.1318801,14.67237384,1447.674219,268.9935204,9.781582561,29.34474768,684.7107793,1485.170285,45.64738528,200.5224425,1143.79,726.12,425.29,293.4474768,342.31,635.69
13.79728347,919.8188979,16.55674016,1633.598363,303.5402363,11.03782677,33.11348032,772.6478742,1675.910032,51.50985828,226.2754489,1143.59,726.13,440.5,331.1348032,632.76,635.49
13.28453226,885.6354842,15.94143872,1572.88862,292.2597098,10.62762581,31.88287743,743.9338067,1613.627852,49.59558712,217.8663291,1207.49,772.38,352.06,318.8287743,629.61,635.14
11.77817982,785.2119883,14.13381579,1394.536491,259.1199561,9.42254386,28.26763158,659.5780702,1430.656243,43.97187134,193.1621491,1143.19,726.14,319.17,282.6763158,361.52,634.35
9.589588647,639.3059098,11.50750638,1135.407296,210.9709502,7.671670917,23.01501275,537.0169642,1164.815368,35.80113095,157.2692538,969.3,623.9,239.02,230.1501275,301.85,569.24
10.59776109,706.5174062,12.71731331,1254.774913,233.1507441,8.478208875,25.43462662,593.4746212,1287.274714,39.56497475,173.8032819,992.15,649.92,318.36,254.3462662,303.13,537.65
10.42952754,695.3018358,12.51543304,1234.85606,229.4496058,8.343622029,25.03086609,584.053542,1266.839945,38.9369028,171.0442516,948.86,621.75,376.97,250.3086609,312.34,513.02
7.795950072,519.7300048,9.355140087,923.0404885,171.5109016,6.236760058,18.71028017,436.573204,946.9480688,29.10488027,127.8535812,64.86,37.4,374.48,187.1028017,522.93,617.64
3.465365503,231.0243669,4.158438604,410.2992755,76.23804106,2.772292402,8.316877207,194.0604682,420.9263964,12.93736454,56.83199425,296.52,171.77,45.92,83.16877207,0,193.54
18.39438831,1226.292554,22.07326598,2177.895576,404.6765429,14.71551065,44.14653195,1030.085746,2234.305034,68.67238304,301.6679683,2024.15,1310,508.49,441.4653195,628.32,624.43
14.49474549,966.3163659,17.39369459,1716.177866,318.8844007,11.59579639,34.78738917,811.7057473,1760.628419,54.11371649,237.713826,1461.04,950.99,379.99,347.8738917,267.13,567.7
11.29078404,752.7189357,13.54894084,1336.82883,248.3972488,9.032627228,27.09788168,632.283906,1371.453901,42.1522604,185.1688582,1010.15,655.79,291.91,270.9788168,403.85,566.42
5.363610841,357.5740561,6.436333009,635.0515235,117.9994385,4.290888673,12.87266602,300.3622071,651.4999301,20.02414714,87.96321779,603,384.03,147.06,128.7266602,0,330.84
4.734615966,315.6410644,5.681539159,560.5785304,104.1615513,3.787692773,11.36307832,265.1384941,575.0980193,17.67589961,77.64770184,426.01,259.06,157.65,113.6307832,79.32,215.75
8.264134934,550.9423289,9.91696192,978.4735761,181.8109685,6.611307947,19.83392384,462.7915563,1003.816923,30.85277042,135.5318129,818.18,539.41,221.16,198.3392384,207.39,397.36
6.618616125,441.241075,7.94233935,783.6441492,145.6095547,5.2948929,15.8846787,370.642503,803.9412386,24.7095002,108.5453044,620.82,392.16,211.28,158.846787,46.26,336.55
9.799353923,653.2902615,11.75922471,1160.243505,215.5857863,7.839483139,23.51844942,548.7638197,1190.294857,36.58425465,160.7094043,796.59,510.95,299.09,235.1844942,329.65,450.94
9.380801472,625.3867648,11.25696177,1110.686894,206.3776324,7.504641178,22.51392353,525.3248825,1139.454686,35.02165883,153.8451441,859.8,558.04,328.32,225.1392353,284.34,488.39
10.72702105,715.1347363,12.87242525,1270.079292,235.994463,8.581616836,25.74485051,600.7131785,1302.97549,40.04754524,175.9231451,967.7,626.19,288.47,257.4485051,255.17,554.35
6.711310106,447.4206738,8.053572128,794.6191166,147.6488223,5.369048085,16.10714426,375.833366,815.2004676,25.05555773,110.0654857,600.22,382.2,162.07,161.0714426,336.06,324.49
12.08610642,805.7404281,14.50332771,1430.995,265.8943413,9.668885138,29.00665541,676.8219596,1468.05906,45.12146398,198.2121453,1142.41,731.14,407.47,290.0665541,382.33,618.3
12.05831829,803.8878861,14.46998195,1427.704886,265.2830024,9.646654633,28.9399639,675.2658243,1464.683728,45.01772162,197.75642,1142.24,731.15,90.32,289.399639,0,624.05
13.51965295,901.310197,16.22358355,1600.72691,297.432365,10.81572236,32.44716709,757.1005655,1642.187179,50.47337103,221.7223085,1336.31,882.69,478.77,324.4716709,66.3,627.81
14.17583405,945.0556034,17.01100086,1678.418752,311.8683491,11.34066724,34.02200172,793.8467069,1721.891309,52.92311379,232.4836784,1141.9,731.16,419.36,340.2200172,498.19,635.53
13.71371844,914.2478959,16.45646213,1623.704263,301.7018057,10.97097475,32.91292425,767.9682326,1665.759666,51.19788217,224.9049824,1141.74,731.17,463.79,329.1292425,630.19,635.04
12.6603025,844.0201667,15.192363,1498.979816,278.526655,10.128242,30.384726,708.9769401,1537.804744,47.26512934,207.628961,1141.57,731.17,371.19,303.84726,445.13,634.93
11.0451801,736.3453397,13.25421611,1307.749323,242.9939621,8.836144076,26.50843223,618.5300853,1341.621209,41.23533902,181.1409536,1162.85,749.23,291.44,265.0843223,107.75,630.52
8.531984426,568.7989617,10.23838131,1010.186956,187.7036574,6.82558754,20.47676262,477.7911278,1036.351708,31.85274186,139.9245446,836.12,538.12,236.3,204.7676262,138.67,481.48
11.56680946,771.1206305,13.88017135,1369.51024,254.4698081,9.253447566,27.7603427,647.7413296,1404.981789,43.18275531,189.6956751,1097.77,720.47,277.91,277.603427,255.17,548.54
8.593554697,572.9036465,10.31226564,1017.476876,189.0582033,6.874843758,20.62453127,481.2390631,1043.830444,32.0826042,140.934297,797.44,516.95,249.25,206.2453127,88.49,456.15
11.26161653,750.7744353,13.51393984,1333.375397,247.7555637,9.009293224,27.02787967,630.6505257,1367.911021,42.04336838,184.6905111,1006.54,656.1,259.58,270.2787967,197.72,556.33
6.685628657,445.7085771,8.022754388,791.578433,147.0838305,5.348502926,16.04550878,374.3952048,812.0810275,24.95968032,109.64431,705.08,456.32,149.68,160.4550878,162.47,394.63
9.044635312,602.9756875,10.85356237,1070.884821,198.9819769,7.23570825,21.70712475,506.4995775,1098.621703,33.7666385,148.3320191,771.32,504.99,222.92,217.0712475,155.61,385
5.730273722,382.0182482,6.876328467,678.4644087,126.0660219,4.584218978,13.75265693,320.8953284,696.0372481,21.3930219,93.97648905,581.16,373.57,146.9,137.5265693,0,318.09
4.564350966,304.2900644,5.477221159,540.4191544,100.4157212,3.651480773,10.95444232,255.6036541,554.4164973,17.04024361,74.85535584,463.9,287.21,85.05,109.5444232,79.88,237.34
8.83898308,589.2655387,10.6067797,1046.535597,194.4576278,7.071186464,21.21355939,494.9830525,1073.641811,32.99887017,144.9593225,796.24,532.64,316.01,212.1355939,162.24,428.22
7.787046835,519.1364557,9.344456202,921.9863453,171.3150304,6.229637468,18.6889124,436.0746228,945.8666223,29.07164152,127.7075681,577.78,369.7,174.7,186.889124,21.3,379.97
11.78623036,785.7486905,14.14347643,1395.489674,259.2970679,9.428984286,28.28695286,660.0289,1431.634114,44.00192667,193.2941779,984.65,658.82,417.58,282.8695286,444.5,564.71
6.661201185,444.080079,7.993441422,788.6862203,146.5464261,5.328960948,15.98688284,373.0272663,809.1139039,24.86848442,109.2436994,597.72,385.28,113.54,159.8688284,176.76,394.24
8.044162284,536.2774856,9.652994741,952.4288144,176.9715703,6.435329827,19.30598948,450.4730879,977.0975788,30.03153919,131.9242615,770.19,508.59,298.35,193.0598948,59.39,438.91
5.468944911,364.5963274,6.562733893,647.5230774,120.316788,4.375155929,13.12546779,306.260915,664.2945085,20.41739433,89.69069654,553.94,353.94,146.37,131.2546779,121.91,360.45
2.867770213,191.1846809,3.441324255,339.5439932,63.09094468,2.29421617,6.882648511,160.5951319,348.3384885,10.70634213,47.03143149,253.24,149.23,37.3,68.82648511,42.34,172.1
10.16140217,677.4268113,12.1936826,1203.110017,223.5508477,8.129121735,24.38736521,569.0385215,1234.27165,37.93590143,166.6469956,882.38,590.7,326.77,243.8736521,247.03,487.4
6.086302879,405.7535252,7.303563454,720.6182608,133.8986633,4.869042303,14.60712691,340.8329612,739.282923,22.72219741,99.81536721,537.28,346.96,198.98,146.0712691,170.49,355.23
5.790514778,386.0343186,6.948617734,685.5969498,127.3913251,4.632411823,13.89723547,324.2688276,703.3545284,21.61792184,94.96444237,508.56,320.68,190.26,138.9723547,103.43,331.64
6.794975453,452.9983636,8.153970544,804.5250937,149.48946,5.435980363,16.30794109,380.5186254,825.3630184,25.36790836,111.4375974,599.11,394.31,209.48,163.0794109,249.24,360.67
5.95145019,396.763346,7.141740228,704.6517024,130.9319042,4.761160152,14.28348046,333.2812106,722.9028164,22.21874737,97.60378311,514.06,327.39,148.52,142.8348046,151.68,338.51
5.772833702,384.8555802,6.927400443,683.5035104,127.0023415,4.618266962,13.85480089,323.2786873,701.2068671,21.55191249,94.67447272,493.94,317.47,211.95,138.5480089,175.47,327.35
4.502881012,300.1920675,5.403457215,533.1411118,99.06338227,3.60230481,10.80691443,252.1613367,546.9499469,16.81075578,73.8472486,489.59,327.2,144.01,108.0691443,76.13,213.47
8.893405683,592.8937122,10.67208682,1052.979233,195.654925,7.114724547,21.34417364,498.0307183,1080.252344,33.20204788,145.8518532,856.76,574.13,176.75,213.4417364,124.2,449.25
5.370783589,358.0522393,6.444940307,635.900777,118.157239,4.296626871,12.88988061,300.763881,652.37118,20.0509254,88.08085087,400.88,247.42,182.84,128.8988061,164.22,262.5
5.408779093,360.5852729,6.490534912,640.3994446,118.99314,4.327023275,12.98106982,302.8916292,656.9863672,20.19277528,88.70397713,472.88,308.35,200.13,129.8106982,175.47,266.56
7.672232699,511.4821799,9.206679239,908.3923516,168.7891194,6.137786159,18.41335848,429.6450312,931.9205319,28.64300208,125.8246163,663.5,432.54,274.44,184.1335848,240.68,434.03
10.01007222,667.3381481,12.01208667,1185.192551,220.2215889,8.008057778,24.02417333,560.5640444,1215.890106,37.3709363,164.1651844,747.74,479.66,386.41,240.2417333,203.99,480.39
4.533352654,302.2235103,5.440023185,536.7489542,99.73375839,3.626682123,10.88004637,253.8677486,550.6512357,16.92451657,74.34698352,424.19,263.52,186.93,108.8004637,66.8,272.61
5.345403094,356.3602063,6.414483713,632.8957264,117.5988681,4.276322476,12.82896743,299.3425733,649.2882959,19.95617155,87.66461075,575.18,386.96,49.51,128.2896743,21.27,256.42
8.053416635,536.8944423,9.664099961,953.5245295,177.175166,6.442733308,19.32819992,450.9913315,978.2216739,30.06608877,132.0760328,620.93,398.76,261.71,193.2819992,259.85,413.36
10.41899413,694.5996086,12.50279296,1233.608905,229.2178708,8.335195303,25.00558591,583.4636712,1265.560487,38.89757808,170.8715037,859.95,560.68,270.08,250.0558591,125.66,560.46
4.99311079,332.8740526,5.991732947,591.1843175,109.8484374,3.994488632,11.98346589,279.6142042,606.4965239,18.64094695,81.88701695,575.76,370.13,94,119.8346589,21.27,379.77
6.535678085,435.7118723,7.842813702,773.8242852,143.7849179,5.228542468,15.6856274,365.9979727,793.8670313,24.39986485,107.1851206,598.15,389.96,188,156.856274,181.89,365.16
4.882510016,325.5006677,5.859012019,578.0891859,107.4152204,3.906008013,11.71802404,273.4205609,593.0622166,18.22803739,80.07316426,423.5,263.94,123.81,117.1802404,62.39,275.69
6.896522513,459.7681675,8.275827015,816.5482655,151.7234953,5.51721801,16.55165403,386.2052607,837.6976012,25.74701738,113.1029692,641.45,424.18,281.63,165.5165403,145.67,358.71
6.769218765,451.281251,8.123062518,801.4755018,148.9228128,5.415375012,16.24612504,379.0762509,822.2344394,25.27175006,111.0151878,619.62,400.97,100.99,162.4612504,65.87,405.91
11.22276832,748.1845548,13.46732199,1328.775769,246.9009031,8.978214657,26.93464397,628.475026,1363.192259,41.89833507,184.0534005,941.02,621.23,397.74,269.3464397,286.54,554.35
7.02876693,468.584462,8.434520315,832.2060045,154.6328725,5.623013544,16.86904063,393.6109481,853.7608897,26.24072987,115.2717776,683.36,442.28,191.94,168.6904063,115.68,446.08
