,0
0,n_10002
1,n_10009
2,n_10012
3,n_10013
4,n_10014
5,n_10015
6,n_10016
7,n_10017
8,n_10018
9,n_10019
10,n_10029
11,n_10037
12,n_10038
13,n_10039
14,n_10048
15,n_10051
16,n_10052
17,n_10053
18,n_10054
19,n_10058
20,n_10123
21,n_10124
22,n_10125
23,n_10126
24,n_10127
25,n_10707
26,n_10835
27,n_10836
28,n_10875
29,n_11742
30,n_11856
31,n_12162
32,n_12414
33,n_12417
34,n_12430
35,n_12432
36,n_12439
37,n_13301
38,n_13431
39,n_13780
40,n_13841
41,n_13843
42,n_13956
43,n_14194
44,n_14258
45,n_14283
46,n_14301
47,n_14322
48,n_14366
49,n_14521
50,n_14549
51,n_14626
52,n_14783
53,n_1500
54,n_1506
55,n_1508
56,n_1514
57,n_1517
58,n_15226
59,n_15511
60,n_15512
61,n_15622
62,n_15626
63,n_15628
64,n_15629
65,n_15630
66,n_15632
67,n_15641
68,n_15661
69,n_15662
70,n_15664
71,n_15666
72,n_15689
73,n_15690
74,n_15691
75,n_15692
76,n_1572
77,n_1575
78,n_15775
79,n_15776
80,n_15777
81,n_15782
82,n_1586
83,n_16162
84,n_16281
85,n_16289
86,n_16404
87,n_16490
88,n_17072
89,n_17163
90,n_17329
91,n_1754
92,n_17632
93,n_17633
94,n_18280
95,n_1834
96,n_1837
97,n_18493
98,n_1850
99,n_1851
100,n_18688
101,n_18689
102,n_18690
103,n_18691
104,n_18692
105,n_18693
106,n_18694
107,n_18696
108,n_18697
109,n_18698
110,n_18699
111,n_18700
112,n_18703
113,n_18704
114,n_18705
115,n_18706
116,n_18707
117,n_18708
118,n_18709
119,n_18710
120,n_18865
121,n_18866
122,n_18867
123,n_18868
124,n_18869
125,n_18870
126,n_18990
127,n_18992
128,n_19221
129,n_19222
130,n_19223
131,n_19224
132,n_19230
133,n_19233
134,n_1924
135,n_19358
136,n_1960
137,n_19634
138,n_20153
139,n_20311
140,n_2042
141,n_2050
142,n_20562
143,n_20880
144,n_20881
145,n_20882
146,n_20883
147,n_20895
148,n_20896
149,n_20897
150,n_2106
151,n_21118
152,n_21135
153,n_21284
154,n_21285
155,n_218
156,n_22425
157,n_22426
158,n_22427
159,n_22521
160,n_22537
161,n_22538
162,n_22539
163,n_22540
164,n_22541
165,n_22542
166,n_22543
167,n_22544
168,n_22546
169,n_22548
170,n_22549
171,n_22589
172,n_22590
173,n_22591
174,n_22592
175,n_22602
176,n_22609
177,n_22611
178,n_22612
179,n_22779
180,n_22813
181,n_22814
182,n_22815
183,n_22816
184,n_22817
185,n_22818
186,n_22867
187,n_22868
188,n_23582
189,n_23583
190,n_23584
191,n_23585
192,n_23586
193,n_23596
194,n_23598
195,n_23599
196,n_23600
197,n_23766
198,n_23767
199,n_23768
200,n_23769
201,n_23770
202,n_23771
203,n_23772
204,n_23773
205,n_23774
206,n_23775
207,n_23776
208,n_23777
209,n_23778
210,n_23779
211,n_23780
212,n_23781
213,n_23782
214,n_23783
215,n_23784
216,n_23785
217,n_23786
218,n_23787
219,n_23788
220,n_23789
221,n_23790
222,n_23792
223,n_23793
224,n_23842
225,n_23843
226,n_23844
227,n_23845
228,n_23846
229,n_23847
230,n_23848
231,n_23849
232,n_23850
233,n_23854
234,n_23857
235,n_23858
236,n_23859
237,n_23861
238,n_23900
239,n_23901
240,n_23902
241,n_2414
242,n_2415
243,n_2416
244,n_2417
245,n_2418
246,n_24341
247,n_25047
248,n_25052
249,n_25970
250,n_26292
251,n_26569
252,n_26570
253,n_26833
254,n_26871
255,n_27690
256,n_27913
257,n_27914
258,n_27915
259,n_27917
260,n_27918
261,n_27919
262,n_27920
263,n_27921
264,n_27922
265,n_27939
266,n_28211
267,n_28470
268,n_28471
269,n_28501
270,n_28502
271,n_28505
272,n_28506
273,n_28509
274,n_28617
275,n_28635
276,n_28636
277,n_28652
278,n_28662
279,n_28663
280,n_28664
281,n_28666
282,n_28667
283,n_28668
284,n_28669
285,n_28670
286,n_28671
287,n_28673
288,n_28697
289,n_28698
290,n_28699
291,n_28700
292,n_28702
293,n_28703
294,n_28704
295,n_28706
296,n_28707
297,n_28710
298,n_28711
299,n_28714
300,n_28718
301,n_28719
302,n_28766
303,n_28767
304,n_28770
305,n_28771
306,n_28945
307,n_28946
308,n_28947
309,n_28951
310,n_28953
311,n_28954
312,n_28955
313,n_28990
314,n_28991
315,n_28993
316,n_28994
317,n_28995
318,n_28998
319,n_28999
320,n_29001
321,n_29002
322,n_29015
323,n_29016
324,n_29017
325,n_29018
326,n_29019
327,n_29020
328,n_29021
329,n_29023
330,n_29024
331,n_2907
332,n_29226
333,n_29239
334,n_29240
335,n_29255
336,n_29262
337,n_29275
338,n_29284
339,n_29477
340,n_29630
341,n_29661
342,n_29803
343,n_29872
344,n_29873
345,n_29874
346,n_29924
347,n_29962
348,n_29970
349,n_29973
350,n_29979
351,n_29980
352,n_29983
353,n_30068
354,n_30069
355,n_30086
356,n_30087
357,n_30212
358,n_30301
359,n_30304
360,n_30401
361,n_30412
362,n_30413
363,n_30415
364,n_30416
365,n_30421
366,n_30518
367,n_30522
368,n_30523
369,n_30524
370,n_30525
371,n_30630
372,n_30640
373,n_30852
374,n_3087
375,n_3088
376,n_30882
377,n_30890
378,n_30897
379,n_30898
380,n_30940
381,n_30941
382,n_30942
383,n_30943
384,n_30944
385,n_30949
386,n_30950
387,n_31010
388,n_31027
389,n_31089
390,n_31224
391,n_31267
392,n_319
393,n_321
394,n_322
395,n_323
396,n_324
397,n_325
398,n_326
399,n_328
400,n_333
401,n_334
402,n_340
403,n_3484
404,n_3485
405,n_3492
406,n_3493
407,n_3494
408,n_3497
409,n_3498
410,n_3861
411,n_4093
412,n_4095
413,n_4096
414,n_4097
415,n_4098
416,n_4099
417,n_4166
418,n_4169
419,n_4459
420,n_4472
421,n_4473
422,n_4475
423,n_4478
424,n_4484
425,n_4491
426,n_4496
427,n_4507
428,n_4517
429,n_5117
430,n_5608
431,n_6048
432,n_6131
433,n_6134
434,n_6177
435,n_6178
436,n_6400
437,n_6402
438,n_6403
439,n_6404
440,n_6405
441,n_6407
442,n_6408
443,n_6422
444,n_6423
445,n_6586
446,n_6641
447,n_6646
448,n_6647
449,n_6650
450,n_6651
451,n_6652
452,n_6654
453,n_6655
454,n_6656
455,n_6657
456,n_6658
457,n_6659
458,n_6660
459,n_6661
460,n_6662
461,n_6663
462,n_6664
463,n_6665
464,n_6666
465,n_6667
466,n_6668
467,n_6669
468,n_6670
469,n_6671
470,n_6673
471,n_6674
472,n_6675
473,n_6676
474,n_6677
475,n_6678
476,n_6679
477,n_6680
478,n_6681
479,n_6682
480,n_6683
481,n_6684
482,n_6685
483,n_6687
484,n_6688
485,n_6689
486,n_6690
487,n_6691
488,n_6692
489,n_6695
490,n_6696
491,n_6697
492,n_6698
493,n_6699
494,n_6700
495,n_6701
496,n_6703
497,n_6888
498,n_6889
499,n_6890
500,n_6891
501,n_6892
502,n_6893
503,n_6894
504,n_6895
505,n_6897
506,n_6900
507,n_6901
508,n_6902
509,n_6903
510,n_6904
511,n_6905
512,n_6906
513,n_6907
514,n_6912
515,n_6913
516,n_6916
517,n_6922
518,n_6930
519,n_6938
520,n_6939
521,n_6940
522,n_6941
523,n_6942
524,n_6953
525,n_6954
526,n_6955
527,n_6956
528,n_6964
529,n_6965
530,n_6966
531,n_6967
532,n_6968
533,n_6969
534,n_6971
535,n_6972
536,n_6974
537,n_6976
538,n_6977
539,n_6978
540,n_6980
541,n_6981
542,n_6982
543,n_6984
544,n_6986
545,n_6987
546,n_6991
547,n_7011
548,n_7014
549,n_7026
550,n_7031
551,n_7041
552,n_7044
553,n_7045
554,n_7046
555,n_7047
556,n_7049
557,n_7050
558,n_7061
559,n_7062
560,n_7064
561,n_7065
562,n_7066
563,n_7067
564,n_7089
565,n_7091
566,n_7092
567,n_7555
568,n_7557
569,n_7559
570,n_7566
571,n_7587
572,n_7588
573,n_7589
574,n_7590
575,n_7591
576,n_7592
577,n_7597
578,n_7599
579,n_7600
580,n_7601
581,n_7602
582,n_7607
583,n_7608
584,n_7618
585,n_7619
586,n_7699
587,n_7700
588,n_7701
589,n_7702
590,n_7703
591,n_9412
592,n_9413
593,n_9414
594,n_9418
595,n_9419
596,n_9439
597,n_9440
598,n_9441
599,n_9453
600,n_9454
601,n_9455
602,n_9456
603,n_9457
604,n_9458
605,n_9477
606,n_9479
607,n_9480
608,n_9483
609,n_9484
610,n_9487
611,n_9488
612,n_9505
613,n_9506
614,n_9507
615,n_9508
616,n_9820
617,n_9821
618,n_9822
619,n_9823
620,n_9824
621,n_9825
622,n_9829
623,n_9830
624,n_9831
625,n_9832
626,n_9833
627,n_9834
628,n_9835
629,n_9836
630,n_9837
631,n_9838
632,n_9840
633,n_9841
634,n_9846
635,n_9849
636,n_9850
637,n_9851
638,n_9852
639,n_9858
640,n_9859
641,n_9862
642,n_9863
643,n_9864
644,n_9865
645,n_9866
646,n_9867
647,n_9868
648,n_9869
649,n_9870
650,n_9871
651,n_9872
652,n_9873
653,n_9874
654,n_9876
655,n_9877
656,n_9881
657,n_9885
658,n_9886
659,n_9887
660,n_9994
661,n_9995
